{"train_loss":6.49710750579834,"train_samples_per_second":6.941,"_runtime":185.232528403,"_step":2,"train/epoch":0.9876543209876543,"_timestamp":1.744632779901497e+09,"train_runtime":186.561,"total_flos":5.503214610808832e+16,"train/learning_rate":0,"train/global_step":20,"train_steps_per_second":0.107,"_wandb":{"runtime":185},"train/grad_norm":21.63641929626465,"train/loss":4.7574}