{"train/learning_rate":0,"eval/loss":0.12501072883605957,"_timestamp":1.7446649563078365e+09,"eval/steps_per_second":5.556,"eval/runtime":6.4796,"train_loss":0.19910737417638302,"_step":176,"train/loss":0.1212,"_wandb":{"runtime":14551},"train_steps_per_second":0.11,"train/epoch":79.01234567901234,"total_flos":4.4025716886470656e+18,"_runtime":14551.483092855,"eval/samples_per_second":22.224,"train_samples_per_second":7.119,"train/global_step":1600,"train_runtime":14552.6515,"train/grad_norm":0.0512162446975708}